Trade #,Symbol,Entry Date,Exit Date,Entry Price,Exit Price,Quantity,Position Value,Gross P&L,Entry Fee,Exit Fee,Total Fees,Net P&L,Net P&L %,Equity Before,Equity After,Duration Candles,Exit Reason
1,DOGEUSDT,2025-12-01T17:39:00.000Z,2025-12-01T18:30:00.000Z,0.13279,0.13315,7530.687552,1000.00,2.7110,0.5000,0.5014,1.0014,1.7097,1.7097,100.00,101.71,17,Trailing +1:1
2,DOGEUSDT,2025-12-01T18:57:00.000Z,2025-12-01T19:24:00.000Z,0.13324,0.13268,7633.570399,1017.10,-4.2748,0.5085,0.5064,1.0150,-5.2898,-5.2008,101.71,96.42,9,Stop Loss
3,NEARUSDT,2025-12-02T01:06:00.000Z,2025-12-02T04:00:00.000Z,1.613,1.6649999999999996,597.767719,964.20,31.0839,0.4821,0.4976,0.9797,30.1042,31.2219,96.42,126.52,58,Take Profit
4,DOGEUSDT,2025-12-02T10:42:00.000Z,2025-12-02T15:12:00.000Z,0.13631,0.14382999999999996,9282.085917,1265.24,69.8013,0.6326,0.6675,1.3001,68.5011,54.1408,126.52,195.03,90,Take Profit
5,ETHUSDT,2025-12-02T15:42:00.000Z,2025-12-03T14:42:00.000Z,2968.97,3126.249999999998,0.656879,1950.25,103.3139,0.9751,1.0268,2.0019,101.3119,51.9481,195.03,296.34,460,Take Profit
6,DOGEUSDT,2025-12-07T17:15:00.000Z,2025-12-07T21:42:00.000Z,0.13914,0.14010000000000003,21297.771972,2963.37,20.4459,1.4817,1.4919,2.9736,17.4723,5.8961,296.34,313.81,89,Trailing +1:1
7,NEARUSDT,2025-12-08T07:03:00.000Z,2025-12-08T09:54:00.000Z,1.774,1.774,1768.937234,3138.09,0.0000,1.5690,1.5690,3.1381,-3.1381,-1.0000,313.81,310.67,57,Trailing BE
8,NEARUSDT,2025-12-08T10:45:00.000Z,2025-12-08T11:42:00.000Z,1.785,1.778,1740.455858,3106.71,-12.1832,1.5534,1.5473,3.1006,-15.2838,-4.9196,310.67,295.39,19,Stop Loss
9,ETHUSDT,2025-12-08T13:06:00.000Z,2025-12-08T14:36:00.000Z,3140.74,3140.74,0.940503,2953.88,0.0000,1.4769,1.4769,2.9539,-2.9539,-1.0000,295.39,292.43,30,Trailing BE
10,ETHUSDT,2025-12-10T17:18:00.000Z,2025-12-10T18:54:00.000Z,3376.6,3376.6,0.866060,2924.34,0.0000,1.4622,1.4622,2.9243,-2.9243,-1.0000,292.43,289.51,32,Trailing BE
11,DOGEUSDT,2025-12-10T19:00:00.000Z,2025-12-10T19:03:00.000Z,0.14707,0.14622,19685.139404,2895.09,-16.7324,1.4475,1.4392,2.8867,-19.6191,-6.7767,289.51,269.89,1,Stop Loss
12,ETHUSDT,2025-12-10T20:18:00.000Z,2025-12-10T20:21:00.000Z,3441.78,3400,0.784159,2698.90,-32.7622,1.3495,1.3331,2.6825,-35.4447,-13.1330,269.89,234.45,1,Stop Loss
13,NEARUSDT,2025-12-18T21:00:00.000Z,2025-12-18T21:21:00.000Z,1.436,1.422,1632.629306,2344.46,-22.8568,1.1722,1.1608,2.3330,-25.1898,-10.7444,234.45,209.26,7,Stop Loss
14,ETHUSDT,2025-12-19T03:51:00.000Z,2025-12-19T03:54:00.000Z,2924.32,2912.51,0.715571,2092.56,-8.4509,1.0463,1.0421,2.0883,-10.5392,-5.0365,209.26,198.72,1,Stop Loss
15,NEARUSDT,2025-12-19T04:06:00.000Z,2025-12-19T04:27:00.000Z,1.484,1.475,1339.060044,1987.17,-12.0515,0.9936,0.9876,1.9811,-14.0327,-7.0617,198.72,184.68,7,Stop Loss
16,NEARUSDT,2025-12-19T07:00:00.000Z,2025-12-19T19:33:00.000Z,1.479,1.5510000000000002,1248.707443,1846.84,89.9069,0.9234,0.9684,1.8918,88.0151,47.6572,184.68,272.70,251,Take Profit
17,DOGEUSDT,2025-12-21T03:15:00.000Z,2025-12-21T10:54:00.000Z,0.13116,0.13183,20791.321660,2726.99,13.9302,1.3635,1.3705,2.7340,11.1962,4.1057,272.70,283.90,153,Trailing +1:1
18,ETHUSDT,2025-12-21T12:39:00.000Z,2025-12-21T12:42:00.000Z,2997.99,2986.05,0.946952,2838.95,-11.3066,1.4195,1.4138,2.8333,-14.1399,-4.9807,283.90,269.76,1,Stop Loss
19,ETHUSDT,2025-12-22T00:12:00.000Z,2025-12-22T00:18:00.000Z,3016.59,3028.32,0.894239,2697.55,10.4894,1.3488,1.3540,2.7028,7.7866,2.8866,269.76,277.54,2,Trailing +1:1
20,DOGEUSDT,2025-12-22T01:03:00.000Z,2025-12-22T01:51:00.000Z,0.13207,0.13157,21014.759617,2775.42,-10.5074,1.3877,1.3825,2.7702,-13.2775,-4.7840,277.54,264.26,16,Stop Loss
21,DOGEUSDT,2025-12-22T08:21:00.000Z,2025-12-22T15:36:00.000Z,0.13268,0.13268,19917.424241,2642.64,0.0000,1.3213,1.3213,2.6426,-2.6426,-1.0000,264.26,261.62,145,Trailing BE
22,NEARUSDT,2025-12-27T16:00:00.000Z,2025-12-27T16:03:00.000Z,1.512,1.5639999999999996,1730.302520,2616.22,89.9757,1.3081,1.3531,2.6612,87.3145,33.3743,261.62,348.94,1,Take Profit
23,DOGEUSDT,2025-12-27T21:12:00.000Z,2025-12-27T22:33:00.000Z,0.12311,0.12358,28343.454369,3489.36,13.3214,1.7447,1.7513,3.4960,9.8254,2.8158,348.94,358.76,27,Trailing +1:1
24,DOGEUSDT,2025-12-27T23:24:00.000Z,2025-12-27T23:39:00.000Z,0.1241,0.12391,28909.078720,3587.62,-5.4927,1.7938,1.7911,3.5849,-9.0776,-2.5303,358.76,349.68,5,Stop Loss
25,DOGEUSDT,2026-01-01T09:00:00.000Z,2026-01-01T09:03:00.000Z,0.11683,0.11967000000000001,29931.017003,3496.84,85.0041,1.7484,1.7909,3.5393,81.4647,23.2967,349.68,431.15,1,Take Profit
26,NEARUSDT,2026-01-01T13:39:00.000Z,2026-01-01T14:12:00.000Z,1.526,1.5579999999999998,2825.352668,4311.49,90.4113,2.1557,2.2009,4.3567,86.0546,19.9594,431.15,517.20,11,Take Profit
27,NEARUSDT,2026-01-01T15:42:00.000Z,2026-01-02T01:18:00.000Z,1.568,1.6440000000000006,3298.491127,5172.03,250.6853,2.5860,2.7114,5.2974,245.3879,47.4452,517.20,762.59,192,Take Profit
28,NEARUSDT,2026-01-02T10:24:00.000Z,2026-01-02T14:18:00.000Z,1.649,1.628,4624.568573,7625.91,-97.1159,3.8130,3.7644,7.5774,-104.6933,-13.7286,762.59,657.90,78,Stop Loss
29,ETHUSDT,2026-01-02T14:36:00.000Z,2026-01-02T15:24:00.000Z,3039.13,3057.4700000000003,2.164758,6578.98,39.7017,3.2895,3.3093,6.5988,33.1028,5.0316,657.90,691.00,16,Trailing +1:1
30,DOGEUSDT,2026-01-04T19:03:00.000Z,2026-01-04T19:06:00.000Z,0.13623,0.14335,50723.107254,6910.01,361.1485,3.4550,3.6356,7.0906,354.0579,51.2384,691.00,1045.06,1,Take Profit
31,ETHUSDT,2026-01-04T21:12:00.000Z,2026-01-04T23:48:00.000Z,3127.36,3135.7400000000002,3.341665,10450.59,28.0031,5.2253,5.2393,10.4646,17.5386,1.6782,1045.06,1062.60,52,Trailing +1:1
32,DOGEUSDT,2026-01-05T01:06:00.000Z,2026-01-05T04:30:00.000Z,0.15043,0.14884,70637.332338,10625.97,-112.3134,5.3130,5.2568,10.5698,-122.8832,-11.5644,1062.60,939.71,68,Stop Loss
33,DOGEUSDT,2026-01-05T16:18:00.000Z,2026-01-05T17:21:00.000Z,0.14909,0.14974,63029.996292,9397.14,40.9695,4.6986,4.7191,9.4176,31.5519,3.3576,939.71,971.27,21,Trailing +1:1
34,NEARUSDT,2026-01-05T20:27:00.000Z,2026-01-05T21:30:00.000Z,1.738,1.754,5588.412459,9712.66,89.4146,4.8563,4.9010,9.7574,79.6572,8.2014,971.27,1050.92,21,Trailing +1:1
35,NEARUSDT,2026-01-05T22:27:00.000Z,2026-01-06T00:12:00.000Z,1.778,1.767,5910.704818,10509.23,-65.0178,5.2546,5.2221,10.4767,-75.4945,-7.1836,1050.92,975.43,35,Stop Loss
36,DOGEUSDT,2026-01-06T00:51:00.000Z,2026-01-06T06:18:00.000Z,0.15089,0.15089,64645.028784,9754.29,0.0000,4.8771,4.8771,9.7543,-9.7543,-1.0000,975.43,965.67,109,Trailing BE
37,DOGEUSDT,2026-01-06T12:54:00.000Z,2026-01-06T14:21:00.000Z,0.1515,0.15533999999999998,63740.894450,9656.75,244.7650,4.8284,4.9508,9.7791,234.9859,24.3339,965.67,1200.66,29,Take Profit
38,NEARUSDT,2026-01-13T17:27:00.000Z,2026-01-13T22:18:00.000Z,1.797,1.885,6681.471662,12006.60,587.9695,6.0033,6.2973,12.3006,575.6689,47.9460,1200.66,1776.33,97,Take Profit
39,DOGEUSDT,2026-01-14T19:27:00.000Z,2026-01-15T00:33:00.000Z,0.14769,0.14628,120274.180681,17763.29,-169.5866,8.8816,8.7969,17.6785,-187.2651,-10.5423,1776.33,1589.06,102,Stop Loss
40,NEARUSDT,2026-01-21T14:03:00.000Z,2026-01-21T16:33:00.000Z,1.513,1.5259999999999998,10502.738131,15890.64,136.5356,7.9453,8.0136,15.9589,120.5767,7.5879,1589.06,1709.64,50,Trailing +1:1
41,NEARUSDT,2026-01-26T12:18:00.000Z,2026-01-26T12:27:00.000Z,1.454,1.452,11758.190952,17096.41,-23.5164,8.5482,8.5364,17.0847,-40.6010,-2.3748,1709.64,1669.04,3,Stop Loss
42,DOGEUSDT,2026-01-26T13:18:00.000Z,2026-01-26T14:09:00.000Z,0.12129,0.12129,137607.381567,16690.40,0.0000,8.3452,8.3452,16.6904,-16.6904,-1.0000,1669.04,1652.35,17,Trailing BE
43,NEARUSDT,2026-01-26T14:33:00.000Z,2026-01-26T15:39:00.000Z,1.461,1.461,11309.716165,16523.50,0.0000,8.2617,8.2617,16.5235,-16.5235,-1.0000,1652.35,1635.83,22,Trailing BE
44,DOGEUSDT,2026-01-26T21:42:00.000Z,2026-01-27T13:48:00.000Z,0.12274,0.12147,133275.707707,16358.26,-169.2601,8.1791,8.0945,16.2736,-185.5338,-11.3419,1635.83,1450.29,322,Stop Loss
45,NEARUSDT,2026-01-27T14:15:00.000Z,2026-01-27T14:18:00.000Z,1.452,1.46,9988.238687,14502.92,79.9059,7.2515,7.2914,14.5429,65.3630,4.5069,1450.29,1515.66,1,Take Profit
46,DOGEUSDT,2026-01-27T15:09:00.000Z,2026-01-27T17:09:00.000Z,0.12254,0.12344,123686.575101,15156.55,111.3179,7.5783,7.6339,15.2122,96.1057,6.3409,1515.66,1611.76,40,Trailing +1:1
47,DOGEUSDT,2026-01-27T20:18:00.000Z,2026-01-27T20:21:00.000Z,0.12413,0.12509,129844.598164,16117.61,124.6508,8.0588,8.1211,16.1799,108.4709,6.7300,1611.76,1720.23,1,Take Profit
48,DOGEUSDT,2026-01-27T22:24:00.000Z,2026-01-28T00:36:00.000Z,0.12557,0.12557,136993.858077,17202.32,0.0000,8.6012,8.6012,17.2023,-17.2023,-1.0000,1720.23,1703.03,44,Trailing BE
49,DOGEUSDT,2026-01-28T09:36:00.000Z,2026-01-28T15:18:00.000Z,0.12571,0.12393,135472.878618,17030.30,-241.1417,8.5151,8.3946,16.9097,-258.0514,-15.1525,1703.03,1444.98,114,Stop Loss
50,DOGEUSDT,2026-01-28T16:30:00.000Z,2026-01-28T16:39:00.000Z,0.12513,0.1246,115478.151399,14449.78,-61.2034,7.2249,7.1943,14.4192,-75.6226,-5.2335,1444.98,1369.36,3,Stop Loss
51,DOGEUSDT,2026-01-28T18:00:00.000Z,2026-01-29T01:24:00.000Z,0.12471,0.12372,109803.184095,13693.56,-108.7052,6.8468,6.7924,13.6392,-122.3444,-8.9344,1369.36,1247.01,148,Stop Loss